,Vx,Vy,H,B,,,,,Constants,
,(V),(V),,,,,,,Mew_0 ,1.26E-06
,,,,,,,,,np,400
0,-1.186946,-0.06311516,-5.47E+03,-1.16E-01,,,,,Rs,9929.5
0.05,-1.265994,-0.1104823,-5.83E+03,-2.03E-01,,,,,C,4.83E-07
0.1,-1.345042,-0.1420399,-6.20E+03,-2.61E-01,,,,,Rp,2
0.15,-1.42409,-0.189407,-6.56E+03,-3.47E-01,,,,,Lp,4.34E-02
0.19999999,-1.503445,-0.2367126,-6.93E+03,-4.34E-01,,,,,As,5.23E-06
0.24999999,-1.503445,-0.2683317,-6.93E+03,-4.92E-01,,,,,ns,5.00E+02
0.29999999,-1.582493,-0.3156373,-7.29E+03,-5.79E-01,,,,,,
0.34999999,-1.66154,-0.3472564,-7.66E+03,-6.37E-01,,,,,,
0.39999999,-1.740896,-0.394562,-8.02E+03,-7.24E-01,,,,,,
0.44999999,-1.819943,-0.4261811,-8.39E+03,-7.82E-01,,,,,,
0.49999999,-1.819943,-0.4734867,-8.39E+03,-8.68E-01,,,,,,
0.54999999,-1.898991,-0.5208539,-8.75E+03,-9.55E-01,,,,,,
0.59999998,-1.978039,-0.5524114,-9.12E+03,-1.01E+00,,,,,,
0.64999998,-2.057394,-0.583969,-9.48E+03,-1.07E+00,,,,,,
0.69999998,-2.136442,-0.6313361,-9.85E+03,-1.16E+00,,,,,,
0.74999998,-2.136442,-0.6628937,-9.85E+03,-1.22E+00,,,,,,
0.79999998,-2.21549,-0.7102608,-1.02E+04,-1.30E+00,,,,,,
0.84999998,-2.294538,-0.7418184,-1.06E+04,-1.36E+00,,,,,,
0.89999998,-2.373893,-0.7891855,-1.09E+04,-1.45E+00,,,,,,
0.94999998,-2.45294,-0.8207431,-1.13E+04,-1.51E+00,,,,,,
0.99999997,-2.531988,-0.8523622,-1.17E+04,-1.56E+00,,,,,,
1.04999997,-2.611344,-0.8996678,-1.20E+04,-1.65E+00,,,,,,
1.09999997,-2.690391,-0.9312869,-1.24E+04,-1.71E+00,,,,,,
1.14999997,-2.690391,-0.9785925,-1.24E+04,-1.79E+00,,,,,,
1.19999997,-2.769439,-1.010212,-1.28E+04,-1.85E+00,,,,,,
1.24999997,-2.848487,-1.041769,-1.31E+04,-1.91E+00,,,,,,
1.29999997,-2.927842,-1.073327,-1.35E+04,-1.97E+00,,,,,,
1.34999997,-2.927842,-1.120694,-1.35E+04,-2.06E+00,,,,,,
1.39999996,-3.00689,-1.152251,-1.39E+04,-2.11E+00,,,,,,
1.44999996,-3.085938,-1.183809,-1.42E+04,-2.17E+00,,,,,,
1.49999996,-3.164985,-1.215367,-1.46E+04,-2.23E+00,,,,,,
1.54999996,-3.164985,-1.262734,-1.46E+04,-2.32E+00,,,,,,
1.59999996,-3.24434,-1.294291,-1.50E+04,-2.37E+00,,,,,,
1.64999996,-3.323388,-1.325849,-1.53E+04,-2.43E+00,,,,,,
1.69999996,-3.402436,-1.341659,-1.57E+04,-2.46E+00,,,,,,
1.74999996,-3.481791,-1.389026,-1.60E+04,-2.55E+00,,,,,,
1.79999995,-3.560839,-1.404774,-1.64E+04,-2.58E+00,,,,,,
1.84999995,-3.718935,-1.436393,-1.71E+04,-2.63E+00,,,,,,
1.89999995,-3.718935,-1.452141,-1.71E+04,-2.66E+00,,,,,,
1.94999995,-3.79829,-1.483698,-1.75E+04,-2.72E+00,,,,,,
1.99999995,-3.877337,-1.499508,-1.79E+04,-2.75E+00,,,,,,
2.04999995,-4.035433,-1.515317,-1.86E+04,-2.78E+00,,,,,,
2.09999995,-4.114789,-1.531065,-1.90E+04,-2.81E+00,,,,,,
2.14999995,-4.193836,-1.531065,-1.93E+04,-2.81E+00,,,,,,
2.19999994,-4.272884,-1.546875,-1.97E+04,-2.84E+00,,,,,,
2.24999994,-4.352239,-1.562623,-2.01E+04,-2.87E+00,,,,,,
2.29999994,-4.431287,-1.562623,-2.04E+04,-2.87E+00,,,,,,
2.34999994,-4.510335,-1.578433,-2.08E+04,-2.89E+00,,,,,,
2.39999994,-4.589382,-1.578433,-2.11E+04,-2.89E+00,,,,,,
2.44999994,-4.668737,-1.594181,-2.15E+04,-2.92E+00,,,,,,
2.49999994,-4.668737,-1.594181,-2.15E+04,-2.92E+00,,,,,,
2.54999994,-4.826833,-1.594181,-2.22E+04,-2.92E+00,,,,,,
2.59999993,-4.826833,-1.594181,-2.22E+04,-2.92E+00,,,,,,
2.64999993,-4.905881,-1.60999,-2.26E+04,-2.95E+00,,,,,,
2.69999993,-4.985236,-1.60999,-2.30E+04,-2.95E+00,,,,,,
2.74999993,-4.985236,-1.60999,-2.30E+04,-2.95E+00,,,,,,
2.79999993,-5.064284,-1.60999,-2.33E+04,-2.95E+00,,,,,,
2.84999993,-5.064284,-1.6258,-2.33E+04,-2.98E+00,,,,,,
2.89999993,-5.064284,-1.6258,-2.33E+04,-2.98E+00,,,,,,
2.94999993,-5.143332,-1.6258,-2.37E+04,-2.98E+00,,,,,,
2.99999992,-5.143332,-1.6258,-2.37E+04,-2.98E+00,,,,,,
3.04999992,-5.143332,-1.6258,-2.37E+04,-2.98E+00,,,,,,
3.09999992,-5.143332,-1.6258,-2.37E+04,-2.98E+00,,,,,,
3.14999992,-5.222687,-1.6258,-2.41E+04,-2.98E+00,,,,,,
3.19999992,-5.222687,-1.6258,-2.41E+04,-2.98E+00,,,,,,
3.24999992,-5.222687,-1.6258,-2.41E+04,-2.98E+00,,,,,,
3.29999992,-5.222687,-1.6258,-2.41E+04,-2.98E+00,,,,,,
3.34999992,-5.222687,-1.6258,-2.41E+04,-2.98E+00,,,,,,
3.39999991,-5.222687,-1.6258,-2.41E+04,-2.98E+00,,,,,,
3.44999991,-5.301735,-1.6258,-2.44E+04,-2.98E+00,,,,,,
3.49999991,-5.301735,-1.6258,-2.44E+04,-2.98E+00,,,,,,
3.54999991,-5.301735,-1.6258,-2.44E+04,-2.98E+00,,,,,,
3.59999991,-5.301735,-1.6258,-2.44E+04,-2.98E+00,,,,,,
3.64999991,-5.301735,-1.6258,-2.44E+04,-2.98E+00,,,,,,
3.69999991,-5.301735,-1.641548,-2.44E+04,-3.01E+00,,,,,,
3.74999991,-5.301735,-1.641548,-2.44E+04,-3.01E+00,,,,,,
3.7999999,-5.301735,-1.6258,-2.44E+04,-2.98E+00,,,,,,
3.8499999,-5.301735,-1.6258,-2.44E+04,-2.98E+00,,,,,,
3.8999999,-5.301735,-1.6258,-2.44E+04,-2.98E+00,,,,,,
3.9499999,-5.301735,-1.6258,-2.44E+04,-2.98E+00,,,,,,
3.9999999,-5.301735,-1.641548,-2.44E+04,-3.01E+00,,,,,,
4.0499999,-5.301735,-1.641548,-2.44E+04,-3.01E+00,,,,,,
4.0999999,-5.301735,-1.6258,-2.44E+04,-2.98E+00,,,,,,
4.1499999,-5.301735,-1.6258,-2.44E+04,-2.98E+00,,,,,,
4.19999989,-5.301735,-1.6258,-2.44E+04,-2.98E+00,,,,,,
4.24999989,-5.301735,-1.6258,-2.44E+04,-2.98E+00,,,,,,
4.29999989,-5.301735,-1.6258,-2.44E+04,-2.98E+00,,,,,,
4.34999989,-5.301735,-1.6258,-2.44E+04,-2.98E+00,,,,,,
4.39999989,-5.222687,-1.6258,-2.41E+04,-2.98E+00,,,,,,
4.44999989,-5.222687,-1.6258,-2.41E+04,-2.98E+00,,,,,,
4.49999989,-5.143332,-1.6258,-2.37E+04,-2.98E+00,,,,,,
4.54999989,-5.143332,-1.6258,-2.37E+04,-2.98E+00,,,,,,
4.59999988,-5.064284,-1.6258,-2.33E+04,-2.98E+00,,,,,,
4.64999988,-5.064284,-1.6258,-2.33E+04,-2.98E+00,,,,,,
4.69999988,-4.985236,-1.60999,-2.30E+04,-2.95E+00,,,,,,
4.74999988,-4.985236,-1.6258,-2.30E+04,-2.98E+00,,,,,,
4.79999988,-4.905881,-1.60999,-2.26E+04,-2.95E+00,,,,,,
4.84999988,-4.826833,-1.60999,-2.22E+04,-2.95E+00,,,,,,
4.89999988,-4.826833,-1.60999,-2.22E+04,-2.95E+00,,,,,,
4.94999987,-4.747786,-1.60999,-2.19E+04,-2.95E+00,,,,,,
4.99999987,-4.747786,-1.594181,-2.19E+04,-2.92E+00,,,,,,
5.04999987,-4.668737,-1.594181,-2.15E+04,-2.92E+00,,,,,,
5.09999987,-4.589382,-1.594181,-2.11E+04,-2.92E+00,,,,,,
5.14999987,-4.589382,-1.594181,-2.11E+04,-2.92E+00,,,,,,
5.19999987,-4.510335,-1.594181,-2.08E+04,-2.92E+00,,,,,,
5.24999987,-4.431287,-1.578433,-2.04E+04,-2.89E+00,,,,,,
5.29999987,-4.431287,-1.578433,-2.04E+04,-2.89E+00,,,,,,
5.34999986,-4.352239,-1.578433,-2.01E+04,-2.89E+00,,,,,,
5.39999986,-4.272884,-1.578433,-1.97E+04,-2.89E+00,,,,,,
5.44999986,-4.193836,-1.578433,-1.93E+04,-2.89E+00,,,,,,
5.49999986,-4.193836,-1.562623,-1.93E+04,-2.87E+00,,,,,,
5.54999986,-4.114789,-1.562623,-1.90E+04,-2.87E+00,,,,,,
5.59999986,-4.035433,-1.562623,-1.86E+04,-2.87E+00,,,,,,
5.64999986,-4.035433,-1.562623,-1.86E+04,-2.87E+00,,,,,,
5.69999986,-3.956385,-1.546875,-1.82E+04,-2.84E+00,,,,,,
5.74999985,-3.877337,-1.546875,-1.79E+04,-2.84E+00,,,,,,
5.79999985,-3.79829,-1.546875,-1.75E+04,-2.84E+00,,,,,,
5.84999985,-3.79829,-1.546875,-1.75E+04,-2.84E+00,,,,,,
5.89999985,-3.718935,-1.531065,-1.71E+04,-2.81E+00,,,,,,
5.94999985,-3.639887,-1.531065,-1.68E+04,-2.81E+00,,,,,,
5.99999985,-3.639887,-1.531065,-1.68E+04,-2.81E+00,,,,,,
6.04999985,-3.560839,-1.531065,-1.64E+04,-2.81E+00,,,,,,
6.09999985,-3.481791,-1.515317,-1.60E+04,-2.78E+00,,,,,,
6.14999984,-3.402436,-1.515317,-1.57E+04,-2.78E+00,,,,,,
6.19999984,-3.402436,-1.515317,-1.57E+04,-2.78E+00,,,,,,
6.24999984,-3.323388,-1.515317,-1.53E+04,-2.78E+00,,,,,,
6.29999984,-3.24434,-1.499508,-1.50E+04,-2.75E+00,,,,,,
6.34999984,-3.24434,-1.499508,-1.50E+04,-2.75E+00,,,,,,
6.39999984,-3.164985,-1.499508,-1.46E+04,-2.75E+00,,,,,,
6.44999984,-3.085938,-1.483698,-1.42E+04,-2.72E+00,,,,,,
6.49999984,-3.00689,-1.483698,-1.39E+04,-2.72E+00,,,,,,
6.54999983,-2.927842,-1.483698,-1.35E+04,-2.72E+00,,,,,,
6.59999983,-2.927842,-1.46795,-1.35E+04,-2.69E+00,,,,,,
6.64999983,-2.848487,-1.46795,-1.31E+04,-2.69E+00,,,,,,
6.69999983,-2.769439,-1.46795,-1.28E+04,-2.69E+00,,,,,,
6.74999983,-2.690391,-1.452141,-1.24E+04,-2.66E+00,,,,,,
6.79999983,-2.611344,-1.452141,-1.20E+04,-2.66E+00,,,,,,
6.84999983,-2.611344,-1.452141,-1.20E+04,-2.66E+00,,,,,,
6.89999983,-2.531988,-1.436393,-1.17E+04,-2.63E+00,,,,,,
6.94999982,-2.45294,-1.436393,-1.13E+04,-2.63E+00,,,,,,
6.99999982,-2.373893,-1.436393,-1.09E+04,-2.63E+00,,,,,,
7.04999982,-2.294538,-1.420583,-1.06E+04,-2.61E+00,,,,,,
7.09999982,-2.294538,-1.420583,-1.06E+04,-2.61E+00,,,,,,
7.14999982,-2.136442,-1.420583,-9.85E+03,-2.61E+00,,,,,,
7.19999982,-2.136442,-1.404774,-9.85E+03,-2.58E+00,,,,,,
7.24999982,-2.057394,-1.389026,-9.48E+03,-2.55E+00,,,,,,
7.29999982,-1.978039,-1.389026,-9.12E+03,-2.55E+00,,,,,,
7.34999981,-1.898991,-1.373216,-8.75E+03,-2.52E+00,,,,,,
7.39999981,-1.819943,-1.373216,-8.39E+03,-2.52E+00,,,,,,
7.44999981,-1.740896,-1.357468,-8.02E+03,-2.49E+00,,,,,,
7.49999981,-1.582493,-1.357468,-7.29E+03,-2.49E+00,,,,,,
7.54999981,-1.503445,-1.341659,-6.93E+03,-2.46E+00,,,,,,
7.59999981,-1.42409,-1.325849,-6.56E+03,-2.43E+00,,,,,,
7.64999981,-1.345042,-1.325849,-6.20E+03,-2.43E+00,,,,,,
7.69999981,-1.265994,-1.310101,-5.83E+03,-2.40E+00,,,,,,
7.7499998,-1.186946,-1.294291,-5.47E+03,-2.37E+00,,,,,,
7.7999998,-1.107591,-1.278543,-5.10E+03,-2.34E+00,,,,,,
7.8499998,-1.028543,-1.262734,-4.74E+03,-2.32E+00,,,,,,
7.8999998,-0.9494956,-1.246924,-4.38E+03,-2.29E+00,,,,,,
7.9499998,-0.8704478,-1.231176,-4.01E+03,-2.26E+00,,,,,,
7.9999998,-0.7910925,-1.215367,-3.65E+03,-2.23E+00,,,,,,
8.0499998,-0.7910925,-1.199619,-3.65E+03,-2.20E+00,,,,,,
8.0999998,-0.7120448,-1.183809,-3.28E+03,-2.17E+00,,,,,,
8.14999979,-0.6329971,-1.168,-2.92E+03,-2.14E+00,,,,,,
8.19999979,-0.5536417,-1.136442,-2.55E+03,-2.08E+00,,,,,,
8.24999979,-0.5536417,-1.120694,-2.55E+03,-2.06E+00,,,,,,
8.29999979,-0.5536417,-1.089075,-2.55E+03,-2.00E+00,,,,,,
8.34999979,-0.474594,-1.057517,-2.19E+03,-1.94E+00,,,,,,
8.39999979,-0.474594,-1.041769,-2.19E+03,-1.91E+00,,,,,,
8.44999979,-0.3955463,-1.010212,-1.82E+03,-1.85E+00,,,,,,
8.49999979,-0.3164985,-0.9785925,-1.46E+03,-1.79E+00,,,,,,
8.54999978,-0.3164985,-0.9628445,-1.46E+03,-1.77E+00,,,,,,
8.59999978,-0.3164985,-0.9312869,-1.46E+03,-1.71E+00,,,,,,
8.64999978,-0.2371432,-0.8996678,-1.09E+03,-1.65E+00,,,,,,
8.69999978,-0.1580955,-0.8681102,-7.29E+02,-1.59E+00,,,,,,
8.74999978,-0.1580955,-0.8523622,-7.29E+02,-1.56E+00,,,,,,
8.79999978,-0.07904774,-0.8049951,-3.64E+02,-1.48E+00,,,,,,
8.84999978,0,-0.7734375,0.00E+00,-1.42E+00,,,,,,
8.89999978,0,-0.7418184,0.00E+00,-1.36E+00,,,,,,
8.94999977,0.07904774,-0.7260704,3.64E+02,-1.33E+00,,,,,,
8.99999977,0.1580955,-0.6787032,7.29E+02,-1.24E+00,,,,,,
9.04999977,0.1580955,-0.6628937,7.29E+02,-1.22E+00,,,,,,
9.09999977,0.2371432,-0.6155881,1.09E+03,-1.13E+00,,,,,,
9.14999977,0.3164985,-0.583969,1.46E+03,-1.07E+00,,,,,,
9.19999977,0.3164985,-0.5524114,1.46E+03,-1.01E+00,,,,,,
9.24999977,0.3955463,-0.5208539,1.82E+03,-9.55E-01,,,,,,
9.29999977,0.474594,-0.4892963,2.19E+03,-8.97E-01,,,,,,
9.34999976,0.5536417,-0.4419291,2.55E+03,-8.11E-01,,,,,,
9.39999976,0.6329971,-0.4103716,2.92E+03,-7.53E-01,,,,,,
9.44999976,0.6329971,-0.378814,2.92E+03,-6.95E-01,,,,,,
9.49999976,0.7120448,-0.3314469,3.28E+03,-6.08E-01,,,,,,
9.54999976,0.7910925,-0.2998893,3.65E+03,-5.50E-01,,,,,,
9.59999976,0.8704478,-0.2683317,4.01E+03,-4.92E-01,,,,,,
9.64999976,0.8704478,-0.2209646,4.01E+03,-4.05E-01,,,,,,
9.69999975,0.9494956,-0.189407,4.38E+03,-3.47E-01,,,,,,
9.74999975,1.028543,-0.1420399,4.74E+03,-2.61E-01,,,,,,
9.79999975,1.107591,-0.1104823,5.10E+03,-2.03E-01,,,,,,
9.84999975,1.107591,-0.06311516,5.10E+03,-1.16E-01,,,,,,
9.89999975,1.186946,-0.03155758,5.47E+03,-5.79E-02,,,,,,
9.94999975,1.265994,0.01574803,5.83E+03,2.89E-02,,,,,,
9.99999975,1.265994,0.04730561,5.83E+03,8.68E-02,,,,,,
10.04999975,1.42409,0.09467274,6.56E+03,1.74E-01,,,,,,
10.09999974,1.42409,0.1420399,6.56E+03,2.61E-01,,,,,,
10.14999974,1.503445,0.1735975,6.93E+03,3.18E-01,,,,,,
10.19999974,1.582493,0.2209646,7.29E+03,4.05E-01,,,,,,
10.24999974,1.582493,0.2525221,7.29E+03,4.63E-01,,,,,,
10.29999974,1.66154,0.2998893,7.66E+03,5.50E-01,,,,,,
10.34999974,1.740896,0.3314469,8.02E+03,6.08E-01,,,,,,
10.39999974,1.819943,0.378814,8.39E+03,6.95E-01,,,,,,
10.44999974,1.898991,0.4103716,8.75E+03,7.53E-01,,,,,,
10.49999973,1.978039,0.4577387,9.12E+03,8.39E-01,,,,,,
10.54999973,1.978039,0.4892963,9.12E+03,8.97E-01,,,,,,
10.59999973,2.057394,0.5366634,9.48E+03,9.84E-01,,,,,,
10.64999973,2.136442,0.568221,9.85E+03,1.04E+00,,,,,,
10.69999973,2.136442,0.6155881,9.85E+03,1.13E+00,,,,,,
10.74999973,2.21549,0.6471456,1.02E+04,1.19E+00,,,,,,
10.79999973,2.294538,0.6945128,1.06E+04,1.27E+00,,,,,,
10.84999973,2.373893,0.7260704,1.09E+04,1.33E+00,,,,,,
10.89999972,2.45294,0.7734375,1.13E+04,1.42E+00,,,,,,
10.94999972,2.531988,0.8049951,1.17E+04,1.48E+00,,,,,,
10.99999972,2.611344,0.8523622,1.20E+04,1.56E+00,,,,,,
11.04999972,2.690391,0.8839197,1.24E+04,1.62E+00,,,,,,
11.09999972,2.690391,0.9154773,1.24E+04,1.68E+00,,,,,,
11.14999972,2.769439,0.9628445,1.28E+04,1.77E+00,,,,,,
11.19999972,2.848487,0.9944021,1.31E+04,1.82E+00,,,,,,
11.24999972,2.927842,1.02596,1.35E+04,1.88E+00,,,,,,
11.29999971,3.00689,1.073327,1.39E+04,1.97E+00,,,,,,
11.34999971,3.00689,1.104884,1.39E+04,2.03E+00,,,,,,
11.39999971,3.085938,1.136442,1.42E+04,2.08E+00,,,,,,
11.44999971,3.164985,1.168,1.46E+04,2.14E+00,,,,,,
11.49999971,3.24434,1.215367,1.50E+04,2.23E+00,,,,,,
11.54999971,3.323388,1.246924,1.53E+04,2.29E+00,,,,,,
11.59999971,3.402436,1.278543,1.57E+04,2.34E+00,,,,,,
11.64999971,3.402436,1.310101,1.57E+04,2.40E+00,,,,,,
11.6999997,3.481791,1.341659,1.60E+04,2.46E+00,,,,,,
11.7499997,3.560839,1.357468,1.64E+04,2.49E+00,,,,,,
11.7999997,3.639887,1.404774,1.68E+04,2.58E+00,,,,,,
11.8499997,3.718935,1.420583,1.71E+04,2.61E+00,,,,,,
11.8999997,3.79829,1.452141,1.75E+04,2.66E+00,,,,,,
11.9499997,3.877337,1.46795,1.79E+04,2.69E+00,,,,,,
11.9999997,3.956385,1.483698,1.82E+04,2.72E+00,,,,,,
12.0499997,4.035433,1.499508,1.86E+04,2.75E+00,,,,,,
12.09999969,4.114789,1.515317,1.90E+04,2.78E+00,,,,,,
12.14999969,4.272884,1.531065,1.97E+04,2.81E+00,,,,,,
12.19999969,4.352239,1.546875,2.01E+04,2.84E+00,,,,,,
12.24999969,4.431287,1.546875,2.04E+04,2.84E+00,,,,,,
12.29999969,4.510335,1.562623,2.08E+04,2.87E+00,,,,,,
12.34999969,4.589382,1.578433,2.11E+04,2.89E+00,,,,,,
12.39999969,4.668737,1.578433,2.15E+04,2.89E+00,,,,,,
12.44999969,4.747786,1.578433,2.19E+04,2.89E+00,,,,,,
12.49999968,4.826833,1.594181,2.22E+04,2.92E+00,,,,,,
12.54999968,4.826833,1.594181,2.22E+04,2.92E+00,,,,,,
12.59999968,4.985236,1.594181,2.30E+04,2.92E+00,,,,,,
12.64999968,4.985236,1.60999,2.30E+04,2.95E+00,,,,,,
12.69999968,4.985236,1.60999,2.30E+04,2.95E+00,,,,,,
12.74999968,5.064284,1.60999,2.33E+04,2.95E+00,,,,,,
12.79999968,5.064284,1.60999,2.33E+04,2.95E+00,,,,,,
12.84999968,5.143332,1.60999,2.37E+04,2.95E+00,,,,,,
12.89999967,5.143332,1.6258,2.37E+04,2.98E+00,,,,,,
12.94999967,5.222687,1.6258,2.41E+04,2.98E+00,,,,,,
12.99999967,5.222687,1.6258,2.41E+04,2.98E+00,,,,,,
13.04999967,5.301735,1.6258,2.44E+04,2.98E+00,,,,,,
13.09999967,5.222687,1.6258,2.41E+04,2.98E+00,,,,,,
13.14999967,5.301735,1.6258,2.44E+04,2.98E+00,,,,,,
13.19999967,5.301735,1.6258,2.44E+04,2.98E+00,,,,,,
13.24999967,5.301735,1.6258,2.44E+04,2.98E+00,,,,,,
13.29999966,5.301735,1.641548,2.44E+04,3.01E+00,,,,,,
13.34999966,5.301735,1.6258,2.44E+04,2.98E+00,,,,,,
13.39999966,5.301735,1.6258,2.44E+04,2.98E+00,,,,,,
13.44999966,5.380783,1.6258,2.48E+04,2.98E+00,,,,,,
13.49999966,5.301735,1.641548,2.44E+04,3.01E+00,,,,,,
13.54999966,5.380783,1.6258,2.48E+04,2.98E+00,,,,,,
13.59999966,5.380783,1.641548,2.48E+04,3.01E+00,,,,,,
13.64999966,5.380783,1.641548,2.48E+04,3.01E+00,,,,,,
13.69999965,5.380783,1.641548,2.48E+04,3.01E+00,,,,,,
13.74999965,5.380783,1.641548,2.48E+04,3.01E+00,,,,,,
13.79999965,5.380783,1.6258,2.48E+04,2.98E+00,,,,,,
13.84999965,5.380783,1.641548,2.48E+04,3.01E+00,,,,,,
13.89999965,5.45983,1.641548,2.52E+04,3.01E+00,,,,,,
13.94999965,5.45983,1.641548,2.52E+04,3.01E+00,,,,,,
13.99999965,5.380783,1.641548,2.48E+04,3.01E+00,,,,,,
14.04999965,5.45983,1.641548,2.52E+04,3.01E+00,,,,,,
14.09999964,5.45983,1.641548,2.52E+04,3.01E+00,,,,,,
14.14999964,5.45983,1.641548,2.52E+04,3.01E+00,,,,,,
14.19999964,5.380783,1.6258,2.48E+04,2.98E+00,,,,,,
14.24999964,5.380783,1.641548,2.48E+04,3.01E+00,,,,,,
14.29999964,5.380783,1.6258,2.48E+04,2.98E+00,,,,,,
14.34999964,5.380783,1.6258,2.48E+04,2.98E+00,,,,,,
14.39999964,5.301735,1.6258,2.44E+04,2.98E+00,,,,,,
14.44999963,5.301735,1.6258,2.44E+04,2.98E+00,,,,,,
14.49999963,5.301735,1.6258,2.44E+04,2.98E+00,,,,,,
14.54999963,5.222687,1.6258,2.41E+04,2.98E+00,,,,,,
14.59999963,5.222687,1.6258,2.41E+04,2.98E+00,,,,,,
14.64999963,5.143332,1.6258,2.37E+04,2.98E+00,,,,,,
14.69999963,5.064284,1.60999,2.33E+04,2.95E+00,,,,,,
14.74999963,5.064284,1.60999,2.33E+04,2.95E+00,,,,,,
14.79999963,4.985236,1.60999,2.30E+04,2.95E+00,,,,,,
14.84999962,4.985236,1.60999,2.30E+04,2.95E+00,,,,,,
14.89999962,4.905881,1.60999,2.26E+04,2.95E+00,,,,,,
14.94999962,4.905881,1.60999,2.26E+04,2.95E+00,,,,,,
14.99999962,4.826833,1.60999,2.22E+04,2.95E+00,,,,,,
15.04999962,4.747786,1.594181,2.19E+04,2.92E+00,,,,,,
15.09999962,4.668737,1.594181,2.15E+04,2.92E+00,,,,,,
15.14999962,4.668737,1.594181,2.15E+04,2.92E+00,,,,,,
15.19999962,4.668737,1.594181,2.15E+04,2.92E+00,,,,,,
15.24999961,4.510335,1.578433,2.08E+04,2.89E+00,,,,,,
15.29999961,4.510335,1.594181,2.08E+04,2.92E+00,,,,,,
15.34999961,4.431287,1.578433,2.04E+04,2.89E+00,,,,,,
15.39999961,4.352239,1.578433,2.01E+04,2.89E+00,,,,,,
15.44999961,4.352239,1.578433,2.01E+04,2.89E+00,,,,,,
15.49999961,4.272884,1.562623,1.97E+04,2.87E+00,,,,,,
15.54999961,4.193836,1.562623,1.93E+04,2.87E+00,,,,,,
15.59999961,4.114789,1.562623,1.90E+04,2.87E+00,,,,,,
15.6499996,4.114789,1.562623,1.90E+04,2.87E+00,,,,,,
15.6999996,4.035433,1.562623,1.86E+04,2.87E+00,,,,,,
15.7499996,4.035433,1.546875,1.86E+04,2.84E+00,,,,,,
15.7999996,3.956385,1.546875,1.82E+04,2.84E+00,,,,,,
15.8499996,3.877337,1.546875,1.79E+04,2.84E+00,,,,,,
15.8999996,3.79829,1.531065,1.75E+04,2.81E+00,,,,,,
15.9499996,3.718935,1.531065,1.71E+04,2.81E+00,,,,,,
15.9999996,3.718935,1.531065,1.71E+04,2.81E+00,,,,,,
16.04999959,3.639887,1.531065,1.68E+04,2.81E+00,,,,,,
16.09999959,3.639887,1.531065,1.68E+04,2.81E+00,,,,,,
16.14999959,3.560839,1.515317,1.64E+04,2.78E+00,,,,,,
16.19999959,3.481791,1.515317,1.60E+04,2.78E+00,,,,,,
16.24999959,3.481791,1.515317,1.60E+04,2.78E+00,,,,,,
16.29999959,3.323388,1.499508,1.53E+04,2.75E+00,,,,,,
16.34999959,3.323388,1.499508,1.53E+04,2.75E+00,,,,,,
16.39999959,3.24434,1.499508,1.50E+04,2.75E+00,,,,,,
16.44999958,3.164985,1.499508,1.46E+04,2.75E+00,,,,,,
16.49999958,3.085938,1.483698,1.42E+04,2.72E+00,,,,,,
16.54999958,3.085938,1.483698,1.42E+04,2.72E+00,,,,,,
16.59999958,3.00689,1.483698,1.39E+04,2.72E+00,,,,,,
16.64999958,2.927842,1.46795,1.35E+04,2.69E+00,,,,,,
16.69999958,2.848487,1.46795,1.31E+04,2.69E+00,,,,,,
16.74999958,2.769439,1.46795,1.28E+04,2.69E+00,,,,,,
16.79999958,2.690391,1.452141,1.24E+04,2.66E+00,,,,,,
16.84999957,2.690391,1.452141,1.24E+04,2.66E+00,,,,,,
16.89999957,2.611344,1.436393,1.20E+04,2.63E+00,,,,,,
16.94999957,2.531988,1.436393,1.17E+04,2.63E+00,,,,,,
16.99999957,2.45294,1.436393,1.13E+04,2.63E+00,,,,,,
17.04999957,2.373893,1.420583,1.09E+04,2.61E+00,,,,,,
17.09999957,2.373893,1.420583,1.09E+04,2.61E+00,,,,,,
17.14999957,2.294538,1.404774,1.06E+04,2.58E+00,,,,,,
17.19999957,2.21549,1.404774,1.02E+04,2.58E+00,,,,,,
17.24999956,2.136442,1.389026,9.85E+03,2.55E+00,,,,,,
17.29999956,2.057394,1.389026,9.48E+03,2.55E+00,,,,,,
17.34999956,1.978039,1.389026,9.12E+03,2.55E+00,,,,,,
17.39999956,1.898991,1.373216,8.75E+03,2.52E+00,,,,,,
17.44999956,1.819943,1.357468,8.39E+03,2.49E+00,,,,,,
17.49999956,1.740896,1.357468,8.02E+03,2.49E+00,,,,,,
17.54999956,1.66154,1.341659,7.66E+03,2.46E+00,,,,,,
17.59999956,1.582493,1.341659,7.29E+03,2.46E+00,,,,,,
17.64999955,1.503445,1.325849,6.93E+03,2.43E+00,,,,,,
17.69999955,1.345042,1.310101,6.20E+03,2.40E+00,,,,,,
17.74999955,1.265994,1.294291,5.83E+03,2.37E+00,,,,,,
17.79999955,1.186946,1.278543,5.47E+03,2.34E+00,,,,,,
17.84999955,1.186946,1.262734,5.47E+03,2.32E+00,,,,,,
17.89999955,1.028543,1.246924,4.74E+03,2.29E+00,,,,,,
17.94999955,1.028543,1.231176,4.74E+03,2.26E+00,,,,,,
17.99999955,0.9494956,1.215367,4.38E+03,2.23E+00,,,,,,
18.04999954,0.8704478,1.199619,4.01E+03,2.20E+00,,,,,,
18.09999954,0.7910925,1.168,3.65E+03,2.14E+00,,,,,,
18.14999954,0.7120448,1.152251,3.28E+03,2.11E+00,,,,,,
18.19999954,0.7120448,1.136442,3.28E+03,2.08E+00,,,,,,
18.24999954,0.7120448,1.120694,3.28E+03,2.06E+00,,,,,,
18.29999954,0.6329971,1.089075,2.92E+03,2.00E+00,,,,,,
18.34999954,0.5536417,1.057517,2.55E+03,1.94E+00,,,,,,
18.39999954,0.474594,1.041769,2.19E+03,1.91E+00,,,,,,
18.44999953,0.474594,1.010212,2.19E+03,1.85E+00,,,,,,
18.49999953,0.474594,0.9785925,2.19E+03,1.79E+00,,,,,,
18.54999953,0.3955463,0.9628445,1.82E+03,1.77E+00,,,,,,
18.59999953,0.3955463,0.9312869,1.82E+03,1.71E+00,,,,,,
18.64999953,0.3164985,0.8996678,1.46E+03,1.65E+00,,,,,,
18.69999953,0.2371432,0.8681102,1.09E+03,1.59E+00,,,,,,
18.74999953,0.2371432,0.8365527,1.09E+03,1.53E+00,,,,,,
18.79999953,0.1580955,0.8049951,7.29E+02,1.48E+00,,,,,,
18.84999952,0.1580955,0.7734375,7.29E+02,1.42E+00,,,,,,
18.89999952,0.07904774,0.757628,3.64E+02,1.39E+00,,,,,,
18.94999952,0,0.7102608,0.00E+00,1.30E+00,,,,,,
18.99999952,0,0.6787032,0.00E+00,1.24E+00,,,,,,
19.04999952,-0.07904774,0.6471456,-3.64E+02,1.19E+00,,,,,,
19.09999952,-0.1580955,0.6155881,-7.29E+02,1.13E+00,,,,,,
19.14999952,-0.2371432,0.583969,-1.09E+03,1.07E+00,,,,,,
19.19999951,-0.2371432,0.5524114,-1.09E+03,1.01E+00,,,,,,
19.24999951,-0.3164985,0.5208539,-1.46E+03,9.55E-01,,,,,,
19.29999951,-0.3955463,0.4734867,-1.82E+03,8.68E-01,,,,,,
19.34999951,-0.3955463,0.4419291,-1.82E+03,8.11E-01,,,,,,
19.39999951,-0.474594,0.4103716,-2.19E+03,7.53E-01,,,,,,
19.44999951,-0.5536417,0.3630044,-2.55E+03,6.66E-01,,,,,,
19.49999951,-0.6329971,0.3314469,-2.92E+03,6.08E-01,,,,,,
19.54999951,-0.6329971,0.2998893,-2.92E+03,5.50E-01,,,,,,
19.5999995,-0.7120448,0.2525221,-3.28E+03,4.63E-01,,,,,,
19.6499995,-0.7910925,0.2209646,-3.65E+03,4.05E-01,,,,,,
19.6999995,-0.7910925,0.1735975,-3.65E+03,3.18E-01,,,,,,
19.7499995,-0.8704478,0.1420399,-4.01E+03,2.61E-01,,,,,,
19.7999995,-0.9494956,0.09467274,-4.38E+03,1.74E-01,,,,,,
19.8499995,-1.028543,0.06311516,-4.74E+03,1.16E-01,,,,,,
19.8999995,-1.107591,0.01574803,-5.10E+03,2.89E-02,,,,,,
19.9499995,-1.186946,-0.01574803,-5.47E+03,-2.89E-02,,,,,,
19.99999949,-1.186946,-0.06311516,-5.47E+03,-1.16E-01,,,,,,
20.04999949,-1.265994,-0.09467274,-5.83E+03,-1.74E-01,,,,,,
20.09999949,-1.345042,-0.1420399,-6.20E+03,-2.61E-01,,,,,,
20.14999949,-1.42409,-0.1735975,-6.56E+03,-3.18E-01,,,,,,
20.19999949,-1.503445,-0.2209646,-6.93E+03,-4.05E-01,,,,,,
20.24999949,-1.503445,-0.2525221,-6.93E+03,-4.63E-01,,,,,,
20.29999949,-1.582493,-0.2998893,-7.29E+03,-5.50E-01,,,,,,
20.34999949,-1.66154,-0.3314469,-7.66E+03,-6.08E-01,,,,,,
20.39999948,-1.66154,-0.378814,-7.66E+03,-6.95E-01,,,,,,
20.44999948,-1.740896,-0.4103716,-8.02E+03,-7.53E-01,,,,,,
20.49999948,-1.819943,-0.4577387,-8.39E+03,-8.39E-01,,,,,,
20.54999948,-1.898991,-0.5051058,-8.75E+03,-9.26E-01,,,,,,
20.59999948,-1.978039,-0.5366634,-9.12E+03,-9.84E-01,,,,,,
20.64999948,-2.057394,-0.583969,-9.48E+03,-1.07E+00,,,,,,
20.69999948,-2.057394,-0.6155881,-9.48E+03,-1.13E+00,,,,,,
20.74999948,-2.136442,-0.6471456,-9.85E+03,-1.19E+00,,,,,,
20.79999947,-2.21549,-0.6945128,-1.02E+04,-1.27E+00,,,,,,
20.84999947,-2.294538,-0.7260704,-1.06E+04,-1.33E+00,,,,,,
20.89999947,-2.373893,-0.7734375,-1.09E+04,-1.42E+00,,,,,,
20.94999947,-2.45294,-0.8207431,-1.13E+04,-1.51E+00,,,,,,
20.99999947,-2.45294,-0.8523622,-1.13E+04,-1.56E+00,,,,,,
21.04999947,-2.531988,-0.8839197,-1.17E+04,-1.62E+00,,,,,,
21.09999947,-2.611344,-0.9154773,-1.20E+04,-1.68E+00,,,,,,
21.14999947,-2.690391,-0.9628445,-1.24E+04,-1.77E+00,,,,,,
21.19999946,-2.769439,-0.9944021,-1.28E+04,-1.82E+00,,,,,,
21.24999946,-2.769439,-1.041769,-1.28E+04,-1.91E+00,,,,,,
21.29999946,-2.848487,-1.073327,-1.31E+04,-1.97E+00,,,,,,
21.34999946,-2.927842,-1.104884,-1.35E+04,-2.03E+00,,,,,,
21.39999946,-3.00689,-1.152251,-1.39E+04,-2.11E+00,,,,,,
21.44999946,-3.085938,-1.183809,-1.42E+04,-2.17E+00,,,,,,
21.49999946,-3.164985,-1.215367,-1.46E+04,-2.23E+00,,,,,,
21.54999946,-3.24434,-1.246924,-1.50E+04,-2.29E+00,,,,,,
21.59999945,-3.24434,-1.278543,-1.50E+04,-2.34E+00,,,,,,
21.64999945,-3.323388,-1.310101,-1.53E+04,-2.40E+00,,,,,,
21.69999945,-3.402436,-1.341659,-1.57E+04,-2.46E+00,,,,,,
21.74999945,-3.481791,-1.373216,-1.60E+04,-2.52E+00,,,,,,
21.79999945,-3.560839,-1.404774,-1.64E+04,-2.58E+00,,,,,,
21.84999945,-3.639887,-1.420583,-1.68E+04,-2.61E+00,,,,,,
21.89999945,-3.718935,-1.452141,-1.71E+04,-2.66E+00,,,,,,
21.94999945,-3.718935,-1.46795,-1.71E+04,-2.69E+00,,,,,,
21.99999944,-3.877337,-1.483698,-1.79E+04,-2.72E+00,,,,,,
22.04999944,-3.956385,-1.499508,-1.82E+04,-2.75E+00,,,,,,
22.09999944,-4.035433,-1.515317,-1.86E+04,-2.78E+00,,,,,,
22.14999944,-4.114789,-1.531065,-1.90E+04,-2.81E+00,,,,,,
22.19999944,-4.272884,-1.546875,-1.97E+04,-2.84E+00,,,,,,
22.24999944,-4.352239,-1.546875,-2.01E+04,-2.84E+00,,,,,,
22.29999944,-4.431287,-1.562623,-2.04E+04,-2.87E+00,,,,,,
22.34999944,-4.510335,-1.578433,-2.08E+04,-2.89E+00,,,,,,
22.39999943,-4.589382,-1.578433,-2.11E+04,-2.89E+00,,,,,,
22.44999943,-4.668737,-1.578433,-2.15E+04,-2.89E+00,,,,,,
22.49999943,-4.747786,-1.594181,-2.19E+04,-2.92E+00,,,,,,
22.54999943,-4.747786,-1.594181,-2.19E+04,-2.92E+00,,,,,,
22.59999943,-4.826833,-1.594181,-2.22E+04,-2.92E+00,,,,,,
22.64999943,-4.905881,-1.60999,-2.26E+04,-2.95E+00,,,,,,
22.69999943,-4.905881,-1.60999,-2.26E+04,-2.95E+00,,,,,,
22.74999943,-4.985236,-1.60999,-2.30E+04,-2.95E+00,,,,,,
22.79999942,-4.985236,-1.60999,-2.30E+04,-2.95E+00,,,,,,
22.84999942,-4.985236,-1.60999,-2.30E+04,-2.95E+00,,,,,,
22.89999942,-5.143332,-1.60999,-2.37E+04,-2.95E+00,,,,,,
22.94999942,-5.143332,-1.6258,-2.37E+04,-2.98E+00,,,,,,
22.99999942,-5.143332,-1.6258,-2.37E+04,-2.98E+00,,,,,,
23.04999942,-5.143332,-1.6258,-2.37E+04,-2.98E+00,,,,,,
23.09999942,-5.143332,-1.6258,-2.37E+04,-2.98E+00,,,,,,
23.14999942,-5.143332,-1.641548,-2.37E+04,-3.01E+00,,,,,,
23.19999941,-5.222687,-1.6258,-2.41E+04,-2.98E+00,,,,,,
23.24999941,-5.222687,-1.6258,-2.41E+04,-2.98E+00,,,,,,
23.29999941,-5.222687,-1.6258,-2.41E+04,-2.98E+00,,,,,,
23.34999941,-5.222687,-1.6258,-2.41E+04,-2.98E+00,,,,,,
23.39999941,-5.222687,-1.6258,-2.41E+04,-2.98E+00,,,,,,
23.44999941,-5.301735,-1.641548,-2.44E+04,-3.01E+00,,,,,,
23.49999941,-5.301735,-1.6258,-2.44E+04,-2.98E+00,,,,,,
23.54999941,-5.301735,-1.6258,-2.44E+04,-2.98E+00,,,,,,
23.5999994,-5.301735,-1.6258,-2.44E+04,-2.98E+00,,,,,,
23.6499994,-5.301735,-1.641548,-2.44E+04,-3.01E+00,,,,,,
23.6999994,-5.301735,-1.6258,-2.44E+04,-2.98E+00,,,,,,
23.7499994,-5.301735,-1.6258,-2.44E+04,-2.98E+00,,,,,,
23.7999994,-5.301735,-1.641548,-2.44E+04,-3.01E+00,,,,,,
23.8499994,-5.380783,-1.641548,-2.48E+04,-3.01E+00,,,,,,
23.8999994,-5.301735,-1.6258,-2.44E+04,-2.98E+00,,,,,,
23.94999939,-5.301735,-1.641548,-2.44E+04,-3.01E+00,,,,,,
23.99999939,-5.380783,-1.6258,-2.48E+04,-2.98E+00,,,,,,
24.04999939,-5.301735,-1.641548,-2.44E+04,-3.01E+00,,,,,,
24.09999939,-5.301735,-1.6258,-2.44E+04,-2.98E+00,,,,,,
24.14999939,-5.301735,-1.641548,-2.44E+04,-3.01E+00,,,,,,
24.19999939,-5.301735,-1.6258,-2.44E+04,-2.98E+00,,,,,,
24.24999939,-5.301735,-1.6258,-2.44E+04,-2.98E+00,,,,,,
24.29999939,-5.301735,-1.6258,-2.44E+04,-2.98E+00,,,,,,
24.34999938,-5.301735,-1.6258,-2.44E+04,-2.98E+00,,,,,,
24.39999938,-5.301735,-1.6258,-2.44E+04,-2.98E+00,,,,,,
24.44999938,-5.222687,-1.6258,-2.41E+04,-2.98E+00,,,,,,
24.49999938,-5.222687,-1.6258,-2.41E+04,-2.98E+00,,,,,,
24.54999938,-5.143332,-1.6258,-2.37E+04,-2.98E+00,,,,,,
24.59999938,-5.064284,-1.6258,-2.33E+04,-2.98E+00,,,,,,
24.64999938,-5.143332,-1.6258,-2.37E+04,-2.98E+00,,,,,,
24.69999938,-5.064284,-1.6258,-2.33E+04,-2.98E+00,,,,,,
24.74999937,-4.985236,-1.60999,-2.30E+04,-2.95E+00,,,,,,
24.79999937,-4.985236,-1.60999,-2.30E+04,-2.95E+00,,,,,,
24.84999937,-4.905881,-1.60999,-2.26E+04,-2.95E+00,,,,,,
24.89999937,-4.826833,-1.60999,-2.22E+04,-2.95E+00,,,,,,
24.94999937,-4.826833,-1.60999,-2.22E+04,-2.95E+00,,,,,,
24.99999937,-4.747786,-1.60999,-2.19E+04,-2.95E+00,,,,,,
25.04999937,-4.747786,-1.594181,-2.19E+04,-2.92E+00,,,,,,
25.09999937,-4.589382,-1.594181,-2.11E+04,-2.92E+00,,,,,,
25.14999936,-4.589382,-1.594181,-2.11E+04,-2.92E+00,,,,,,
25.19999936,-4.589382,-1.578433,-2.11E+04,-2.89E+00,,,,,,
25.24999936,-4.510335,-1.594181,-2.08E+04,-2.92E+00,,,,,,
25.29999936,-4.431287,-1.578433,-2.04E+04,-2.89E+00,,,,,,
25.34999936,-4.352239,-1.578433,-2.01E+04,-2.89E+00,,,,,,
25.39999936,-4.352239,-1.578433,-2.01E+04,-2.89E+00,,,,,,
25.44999936,-4.272884,-1.578433,-1.97E+04,-2.89E+00,,,,,,
25.49999936,-4.193836,-1.562623,-1.93E+04,-2.87E+00,,,,,,
25.54999935,-4.114789,-1.562623,-1.90E+04,-2.87E+00,,,,,,
25.59999935,-4.114789,-1.562623,-1.90E+04,-2.87E+00,,,,,,
25.64999935,-4.035433,-1.562623,-1.86E+04,-2.87E+00,,,,,,
25.69999935,-3.956385,-1.546875,-1.82E+04,-2.84E+00,,,,,,
25.74999935,-3.877337,-1.546875,-1.79E+04,-2.84E+00,,,,,,
25.79999935,-3.877337,-1.546875,-1.79E+04,-2.84E+00,,,,,,
25.84999935,-3.79829,-1.546875,-1.75E+04,-2.84E+00,,,,,,
25.89999935,-3.718935,-1.531065,-1.71E+04,-2.81E+00,,,,,,
25.94999934,-3.718935,-1.531065,-1.71E+04,-2.81E+00,,,,,,
25.99999934,-3.639887,-1.531065,-1.68E+04,-2.81E+00,,,,,,
26.04999934,-3.560839,-1.531065,-1.64E+04,-2.81E+00,,,,,,
26.09999934,-3.560839,-1.531065,-1.64E+04,-2.81E+00,,,,,,
26.14999934,-3.481791,-1.515317,-1.60E+04,-2.78E+00,,,,,,
26.19999934,-3.402436,-1.515317,-1.57E+04,-2.78E+00,,,,,,
26.24999934,-3.323388,-1.515317,-1.53E+04,-2.78E+00,,,,,,
26.29999934,-3.24434,-1.499508,-1.50E+04,-2.75E+00,,,,,,
26.34999933,-3.24434,-1.499508,-1.50E+04,-2.75E+00,,,,,,
26.39999933,-3.164985,-1.499508,-1.46E+04,-2.75E+00,,,,,,
26.44999933,-3.085938,-1.499508,-1.42E+04,-2.75E+00,,,,,,
26.49999933,-3.085938,-1.483698,-1.42E+04,-2.72E+00,,,,,,
26.54999933,-3.00689,-1.483698,-1.39E+04,-2.72E+00,,,,,,
26.59999933,-2.927842,-1.46795,-1.35E+04,-2.69E+00,,,,,,
26.64999933,-2.848487,-1.46795,-1.31E+04,-2.69E+00,,,,,,
26.69999933,-2.769439,-1.46795,-1.28E+04,-2.69E+00,,,,,,
26.74999932,-2.769439,-1.452141,-1.28E+04,-2.66E+00,,,,,,
26.79999932,-2.611344,-1.452141,-1.20E+04,-2.66E+00,,,,,,
26.84999932,-2.611344,-1.452141,-1.20E+04,-2.66E+00,,,,,,
26.89999932,-2.531988,-1.436393,-1.17E+04,-2.63E+00,,,,,,
26.94999932,-2.45294,-1.436393,-1.13E+04,-2.63E+00,,,,,,
26.99999932,-2.45294,-1.436393,-1.13E+04,-2.63E+00,,,,,,
27.04999932,-2.373893,-1.420583,-1.09E+04,-2.61E+00,,,,,,
27.09999932,-2.294538,-1.420583,-1.06E+04,-2.61E+00,,,,,,
27.14999931,-2.21549,-1.404774,-1.02E+04,-2.58E+00,,,,,,
27.19999931,-2.136442,-1.404774,-9.85E+03,-2.58E+00,,,,,,
27.24999931,-2.057394,-1.404774,-9.48E+03,-2.58E+00,,,,,,
27.29999931,-1.978039,-1.389026,-9.12E+03,-2.55E+00,,,,,,
27.34999931,-1.898991,-1.389026,-8.75E+03,-2.55E+00,,,,,,
27.39999931,-1.819943,-1.373216,-8.39E+03,-2.52E+00,,,,,,
27.44999931,-1.740896,-1.357468,-8.02E+03,-2.49E+00,,,,,,
27.49999931,-1.66154,-1.357468,-7.66E+03,-2.49E+00,,,,,,
27.5499993,-1.582493,-1.341659,-7.29E+03,-2.46E+00,,,,,,
27.5999993,-1.503445,-1.341659,-6.93E+03,-2.46E+00,,,,,,
27.6499993,-1.345042,-1.325849,-6.20E+03,-2.43E+00,,,,,,
27.6999993,-1.265994,-1.310101,-5.83E+03,-2.40E+00,,,,,,
27.7499993,-1.186946,-1.294291,-5.47E+03,-2.37E+00,,,,,,
27.7999993,-1.107591,-1.278543,-5.10E+03,-2.34E+00,,,,,,
27.8499993,-1.028543,-1.262734,-4.74E+03,-2.32E+00,,,,,,
27.8999993,-0.9494956,-1.262734,-4.38E+03,-2.32E+00,,,,,,
27.94999929,-0.8704478,-1.231176,-4.01E+03,-2.26E+00,,,,,,
27.99999929,-0.8704478,-1.215367,-4.01E+03,-2.23E+00,,,,,,
28.04999929,-0.7910925,-1.199619,-3.65E+03,-2.20E+00,,,,,,
28.09999929,-0.7120448,-1.183809,-3.28E+03,-2.17E+00,,,,,,
28.14999929,-0.6329971,-1.168,-2.92E+03,-2.14E+00,,,,,,
28.19999929,-0.6329971,-1.152251,-2.92E+03,-2.11E+00,,,,,,
28.24999929,-0.5536417,-1.120694,-2.55E+03,-2.06E+00,,,,,,
28.29999929,-0.474594,-1.089075,-2.19E+03,-2.00E+00,,,,,,
28.34999928,-0.474594,-1.073327,-2.19E+03,-1.97E+00,,,,,,
28.39999928,-0.474594,-1.041769,-2.19E+03,-1.91E+00,,,,,,
28.44999928,-0.3955463,-1.02596,-1.82E+03,-1.88E+00,,,,,,
28.49999928,-0.3955463,-0.9944021,-1.82E+03,-1.82E+00,,,,,,
28.54999928,-0.3164985,-0.9628445,-1.46E+03,-1.77E+00,,,,,,
28.59999928,-0.3164985,-0.9312869,-1.46E+03,-1.71E+00,,,,,,
28.64999928,-0.2371432,-0.9154773,-1.09E+03,-1.68E+00,,,,,,
28.69999927,-0.1580955,-0.8839197,-7.29E+02,-1.62E+00,,,,,,
28.74999927,-0.1580955,-0.8681102,-7.29E+02,-1.59E+00,,,,,,
28.79999927,-0.07904774,-0.8207431,-3.64E+02,-1.51E+00,,,,,,
28.84999927,-0.07904774,-0.7891855,-3.64E+02,-1.45E+00,,,,,,
28.89999927,0.07904774,-0.757628,3.64E+02,-1.39E+00,,,,,,
28.94999927,0.07904774,-0.7260704,3.64E+02,-1.33E+00,,,,,,
28.99999927,0.07904774,-0.6945128,3.64E+02,-1.27E+00,,,,,,
29.04999927,0.1580955,-0.6628937,7.29E+02,-1.22E+00,,,,,,
29.09999926,0.2371432,-0.6313361,1.09E+03,-1.16E+00,,,,,,
29.14999926,0.3164985,-0.5997785,1.46E+03,-1.10E+00,,,,,,
29.19999926,0.3164985,-0.568221,1.46E+03,-1.04E+00,,,,,,
29.24999926,0.3955463,-0.5366634,1.82E+03,-9.84E-01,,,,,,
29.29999926,0.474594,-0.4892963,2.19E+03,-8.97E-01,,,,,,
29.34999926,0.5536417,-0.4577387,2.55E+03,-8.39E-01,,,,,,
29.39999926,0.5536417,-0.4261811,2.55E+03,-7.82E-01,,,,,,
29.44999926,0.6329971,-0.378814,2.92E+03,-6.95E-01,,,,,,
29.49999925,0.6329971,-0.3472564,2.92E+03,-6.37E-01,,,,,,
29.54999925,0.7910925,-0.3156373,3.65E+03,-5.79E-01,,,,,,
29.59999925,0.7910925,-0.2683317,3.65E+03,-4.92E-01,,,,,,
29.64999925,0.8704478,-0.2367126,4.01E+03,-4.34E-01,,,,,,
29.69999925,0.9494956,-0.189407,4.38E+03,-3.47E-01,,,,,,
29.74999925,1.028543,-0.1577879,4.74E+03,-2.89E-01,,,,,,
29.79999925,1.028543,-0.1104823,4.74E+03,-2.03E-01,,,,,,
29.84999925,1.107591,-0.07886319,5.10E+03,-1.45E-01,,,,,,
29.89999924,1.186946,-0.03155758,5.47E+03,-5.79E-02,,,,,,
29.94999924,1.186946,0,5.47E+03,0.00E+00,,,,,,
29.99999924,1.265994,0.04730561,5.83E+03,8.68E-02,,,,,,
30.04999924,1.345042,0.07886319,6.20E+03,1.45E-01,,,,,,
30.09999924,1.42409,0.1262303,6.56E+03,2.32E-01,,,,,,
30.14999924,1.503445,0.1577879,6.93E+03,2.89E-01,,,,,,
30.19999924,1.503445,0.205155,6.93E+03,3.76E-01,,,,,,
30.24999924,1.582493,0.2367126,7.29E+03,4.34E-01,,,,,,
30.29999923,1.66154,0.2840797,7.66E+03,5.21E-01,,,,,,
30.34999923,1.740896,0.3314469,8.02E+03,6.08E-01,,,,,,
30.39999923,1.740896,0.3630044,8.02E+03,6.66E-01,,,,,,
30.44999923,1.819943,0.4103716,8.39E+03,7.53E-01,,,,,,
30.49999923,1.898991,0.4419291,8.75E+03,8.11E-01,,,,,,
30.54999923,1.978039,0.4734867,9.12E+03,8.68E-01,,,,,,
30.59999923,2.057394,0.5208539,9.48E+03,9.55E-01,,,,,,
30.64999923,2.057394,0.568221,9.48E+03,1.04E+00,,,,,,
30.69999922,2.136442,0.5997785,9.85E+03,1.10E+00,,,,,,
30.74999922,2.21549,0.6313361,1.02E+04,1.16E+00,,,,,,
30.79999922,2.294538,0.6787032,1.06E+04,1.24E+00,,,,,,
30.84999922,2.373893,0.7102608,1.09E+04,1.30E+00,,,,,,
30.89999922,2.45294,0.757628,1.13E+04,1.39E+00,,,,,,
30.94999922,2.531988,0.7891855,1.17E+04,1.45E+00,,,,,,
30.99999922,2.611344,0.8365527,1.20E+04,1.53E+00,,,,,,
31.04999922,2.611344,0.8681102,1.20E+04,1.59E+00,,,,,,
31.09999921,2.690391,0.9154773,1.24E+04,1.68E+00,,,,,,
31.14999921,2.690391,0.947035,1.24E+04,1.74E+00,,,,,,
31.19999921,2.848487,0.9785925,1.31E+04,1.79E+00,,,,,,
31.24999921,2.927842,1.02596,1.35E+04,1.88E+00,,,,,,
31.29999921,2.927842,1.057517,1.35E+04,1.94E+00,,,,,,
31.34999921,3.00689,1.089075,1.39E+04,2.00E+00,,,,,,
31.39999921,3.085938,1.120694,1.42E+04,2.06E+00,,,,,,
31.44999921,3.164985,1.152251,1.46E+04,2.11E+00,,,,,,
31.4999992,3.24434,1.199619,1.50E+04,2.20E+00,,,,,,
31.5499992,3.323388,1.231176,1.53E+04,2.26E+00,,,,,,
31.5999992,3.323388,1.262734,1.53E+04,2.32E+00,,,,,,
31.6499992,3.402436,1.294291,1.57E+04,2.37E+00,,,,,,
31.6999992,3.481791,1.325849,1.60E+04,2.43E+00,,,,,,
31.7499992,3.560839,1.357468,1.64E+04,2.49E+00,,,,,,
31.7999992,3.639887,1.389026,1.68E+04,2.55E+00,,,,,,
31.8499992,3.718935,1.404774,1.71E+04,2.58E+00,,,,,,
31.89999919,3.79829,1.436393,1.75E+04,2.63E+00,,,,,,
31.94999919,3.877337,1.452141,1.79E+04,2.66E+00,,,,,,
31.99999919,3.956385,1.483698,1.82E+04,2.72E+00,,,,,,
32.04999919,4.035433,1.499508,1.86E+04,2.75E+00,,,,,,
32.09999919,4.114789,1.515317,1.90E+04,2.78E+00,,,,,,
32.14999919,4.193836,1.531065,1.93E+04,2.81E+00,,,,,,
32.19999919,4.352239,1.546875,2.01E+04,2.84E+00,,,,,,
32.24999919,4.431287,1.546875,2.04E+04,2.84E+00,,,,,,
32.29999918,4.431287,1.562623,2.04E+04,2.87E+00,,,,,,
32.34999918,4.589382,1.562623,2.11E+04,2.87E+00,,,,,,
32.39999918,4.668737,1.578433,2.15E+04,2.89E+00,,,,,,
32.44999918,4.668737,1.578433,2.15E+04,2.89E+00,,,,,,
32.49999918,4.747786,1.594181,2.19E+04,2.92E+00,,,,,,
32.54999918,4.826833,1.594181,2.22E+04,2.92E+00,,,,,,
32.59999918,4.826833,1.594181,2.22E+04,2.92E+00,,,,,,
32.64999918,4.985236,1.60999,2.30E+04,2.95E+00,,,,,,
32.69999917,4.985236,1.60999,2.30E+04,2.95E+00,,,,,,
32.74999917,5.064284,1.60999,2.33E+04,2.95E+00,,,,,,
32.79999917,5.064284,1.60999,2.33E+04,2.95E+00,,,,,,
32.84999917,5.143332,1.60999,2.37E+04,2.95E+00,,,,,,
32.89999917,5.143332,1.6258,2.37E+04,2.98E+00,,,,,,
32.94999917,5.143332,1.6258,2.37E+04,2.98E+00,,,,,,
32.99999917,5.222687,1.6258,2.41E+04,2.98E+00,,,,,,
33.04999917,5.222687,1.6258,2.41E+04,2.98E+00,,,,,,
33.09999916,5.222687,1.6258,2.41E+04,2.98E+00,,,,,,
33.14999916,5.301735,1.6258,2.44E+04,2.98E+00,,,,,,
33.19999916,5.301735,1.6258,2.44E+04,2.98E+00,,,,,,
33.24999916,5.301735,1.6258,2.44E+04,2.98E+00,,,,,,
33.29999916,5.301735,1.6258,2.44E+04,2.98E+00,,,,,,
33.34999916,5.301735,1.641548,2.44E+04,3.01E+00,,,,,,
33.39999916,5.301735,1.641548,2.44E+04,3.01E+00,,,,,,
33.44999915,5.380783,1.6258,2.48E+04,2.98E+00,,,,,,
33.49999915,5.380783,1.6258,2.48E+04,2.98E+00,,,,,,
33.54999915,5.380783,1.641548,2.48E+04,3.01E+00,,,,,,
33.59999915,5.301735,1.641548,2.44E+04,3.01E+00,,,,,,
33.64999915,5.380783,1.641548,2.48E+04,3.01E+00,,,,,,
33.69999915,5.380783,1.641548,2.48E+04,3.01E+00,,,,,,
33.74999915,5.380783,1.641548,2.48E+04,3.01E+00,,,,,,
33.79999915,5.380783,1.641548,2.48E+04,3.01E+00,,,,,,
33.84999914,5.45983,1.641548,2.52E+04,3.01E+00,,,,,,
33.89999914,5.45983,1.641548,2.52E+04,3.01E+00,,,,,,
33.94999914,5.380783,1.641548,2.48E+04,3.01E+00,,,,,,
33.99999914,5.45983,1.641548,2.52E+04,3.01E+00,,,,,,
34.04999914,5.380783,1.641548,2.48E+04,3.01E+00,,,,,,
34.09999914,5.380783,1.641548,2.48E+04,3.01E+00,,,,,,
34.14999914,5.380783,1.641548,2.48E+04,3.01E+00,,,,,,
34.19999914,5.45983,1.641548,2.52E+04,3.01E+00,,,,,,
34.24999913,5.380783,1.641548,2.48E+04,3.01E+00,,,,,,
34.29999913,5.380783,1.641548,2.48E+04,3.01E+00,,,,,,
34.34999913,5.380783,1.641548,2.48E+04,3.01E+00,,,,,,
34.39999913,5.380783,1.6258,2.48E+04,2.98E+00,,,,,,
34.44999913,5.301735,1.6258,2.44E+04,2.98E+00,,,,,,
34.49999913,5.222687,1.6258,2.41E+04,2.98E+00,,,,,,
34.54999913,5.301735,1.6258,2.44E+04,2.98E+00,,,,,,
34.59999913,5.222687,1.6258,2.41E+04,2.98E+00,,,,,,
34.64999912,5.222687,1.6258,2.41E+04,2.98E+00,,,,,,
34.69999912,5.143332,1.6258,2.37E+04,2.98E+00,,,,,,
34.74999912,5.064284,1.6258,2.33E+04,2.98E+00,,,,,,
34.79999912,5.064284,1.60999,2.33E+04,2.95E+00,,,,,,
34.84999912,4.985236,1.60999,2.30E+04,2.95E+00,,,,,,
34.89999912,4.985236,1.60999,2.30E+04,2.95E+00,,,,,,
34.94999912,4.905881,1.60999,2.26E+04,2.95E+00,,,,,,
34.99999912,4.826833,1.60999,2.22E+04,2.95E+00,,,,,,
35.04999911,4.826833,1.594181,2.22E+04,2.92E+00,,,,,,
35.09999911,4.747786,1.594181,2.19E+04,2.92E+00,,,,,,
35.14999911,4.668737,1.594181,2.15E+04,2.92E+00,,,,,,
35.19999911,4.668737,1.594181,2.15E+04,2.92E+00,,,,,,
35.24999911,4.589382,1.594181,2.11E+04,2.92E+00,,,,,,
35.29999911,4.510335,1.578433,2.08E+04,2.89E+00,,,,,,
35.34999911,4.510335,1.578433,2.08E+04,2.89E+00,,,,,,
35.39999911,4.352239,1.578433,2.01E+04,2.89E+00,,,,,,
35.4499991,4.352239,1.578433,2.01E+04,2.89E+00,,,,,,
35.4999991,4.272884,1.578433,1.97E+04,2.89E+00,,,,,,
35.5499991,4.193836,1.562623,1.93E+04,2.87E+00,,,,,,
35.5999991,4.193836,1.562623,1.93E+04,2.87E+00,,,,,,
35.6499991,4.114789,1.562623,1.90E+04,2.87E+00,,,,,,
35.6999991,4.114789,1.562623,1.90E+04,2.87E+00,,,,,,
35.7499991,4.035433,1.546875,1.86E+04,2.84E+00,,,,,,
35.7999991,3.956385,1.546875,1.82E+04,2.84E+00,,,,,,
35.84999909,3.956385,1.546875,1.82E+04,2.84E+00,,,,,,
35.89999909,3.877337,1.546875,1.79E+04,2.84E+00,,,,,,
35.94999909,3.79829,1.531065,1.75E+04,2.81E+00,,,,,,
35.99999909,3.718935,1.531065,1.71E+04,2.81E+00,,,,,,
36.04999909,3.718935,1.531065,1.71E+04,2.81E+00,,,,,,
36.09999909,3.639887,1.531065,1.68E+04,2.81E+00,,,,,,
36.14999909,3.560839,1.515317,1.64E+04,2.78E+00,,,,,,
36.19999909,3.481791,1.515317,1.60E+04,2.78E+00,,,,,,
36.24999908,3.481791,1.515317,1.60E+04,2.78E+00,,,,,,
36.29999908,3.402436,1.499508,1.57E+04,2.75E+00,,,,,,
36.34999908,3.323388,1.499508,1.53E+04,2.75E+00,,,,,,
36.39999908,3.24434,1.499508,1.50E+04,2.75E+00,,,,,,
36.44999908,3.24434,1.483698,1.50E+04,2.72E+00,,,,,,
36.49999908,3.164985,1.483698,1.46E+04,2.72E+00,,,,,,
36.54999908,3.085938,1.483698,1.42E+04,2.72E+00,,,,,,
36.59999908,3.00689,1.483698,1.39E+04,2.72E+00,,,,,,
36.64999907,2.927842,1.46795,1.35E+04,2.69E+00,,,,,,
36.69999907,2.848487,1.46795,1.31E+04,2.69E+00,,,,,,
36.74999907,2.848487,1.46795,1.31E+04,2.69E+00,,,,,,
36.79999907,2.769439,1.452141,1.28E+04,2.66E+00,,,,,,
36.84999907,2.690391,1.452141,1.24E+04,2.66E+00,,,,,,
36.89999907,2.611344,1.436393,1.20E+04,2.63E+00,,,,,,
36.94999907,2.611344,1.436393,1.20E+04,2.63E+00,,,,,,
36.99999907,2.531988,1.436393,1.17E+04,2.63E+00,,,,,,
37.04999906,2.45294,1.420583,1.13E+04,2.61E+00,,,,,,
37.09999906,2.373893,1.420583,1.09E+04,2.61E+00,,,,,,
37.14999906,2.294538,1.420583,1.06E+04,2.61E+00,,,,,,
37.19999906,2.21549,1.404774,1.02E+04,2.58E+00,,,,,,
37.24999906,2.21549,1.404774,1.02E+04,2.58E+00,,,,,,
37.29999906,2.136442,1.389026,9.85E+03,2.55E+00,,,,,,
37.34999906,2.057394,1.389026,9.48E+03,2.55E+00,,,,,,
37.39999906,1.898991,1.373216,8.75E+03,2.52E+00,,,,,,
37.44999905,1.819943,1.373216,8.39E+03,2.52E+00,,,,,,
37.49999905,1.740896,1.357468,8.02E+03,2.49E+00,,,,,,
37.54999905,1.66154,1.357468,7.66E+03,2.49E+00,,,,,,
37.59999905,1.582493,1.341659,7.29E+03,2.46E+00,,,,,,
37.64999905,1.503445,1.325849,6.93E+03,2.43E+00,,,,,,
37.69999905,1.42409,1.310101,6.56E+03,2.40E+00,,,,,,
37.74999905,1.345042,1.294291,6.20E+03,2.37E+00,,,,,,
37.79999905,1.265994,1.294291,5.83E+03,2.37E+00,,,,,,
37.84999904,1.186946,1.278543,5.47E+03,2.34E+00,,,,,,
37.89999904,1.107591,1.262734,5.10E+03,2.32E+00,,,,,,
37.94999904,1.028543,1.246924,4.74E+03,2.29E+00,,,,,,
37.99999904,0.9494956,1.215367,4.38E+03,2.23E+00,,,,,,
38.04999904,0.8704478,1.199619,4.01E+03,2.20E+00,,,,,,
38.09999904,0.7910925,1.183809,3.65E+03,2.17E+00,,,,,,
38.14999904,0.7910925,1.168,3.65E+03,2.14E+00,,,,,,
38.19999903,0.7120448,1.136442,3.28E+03,2.08E+00,,,,,,
38.24999903,0.7120448,1.120694,3.28E+03,2.06E+00,,,,,,
38.29999903,0.6329971,1.104884,2.92E+03,2.03E+00,,,,,,
38.34999903,0.6329971,1.073327,2.92E+03,1.97E+00,,,,,,
38.39999903,0.5536417,1.041769,2.55E+03,1.91E+00,,,,,,
38.44999903,0.5536417,1.02596,2.55E+03,1.88E+00,,,,,,
38.49999903,0.474594,0.9944021,2.19E+03,1.82E+00,,,,,,
38.54999903,0.3955463,0.9628445,1.82E+03,1.77E+00,,,,,,
38.59999902,0.3955463,0.947035,1.82E+03,1.74E+00,,,,,,
38.64999902,0.3164985,0.9154773,1.46E+03,1.68E+00,,,,,,
38.69999902,0.2371432,0.8839197,1.09E+03,1.62E+00,,,,,,
38.74999902,0.2371432,0.8523622,1.09E+03,1.56E+00,,,,,,
38.79999902,0.1580955,0.8207431,7.29E+02,1.51E+00,,,,,,
38.84999902,0.1580955,0.7891855,7.29E+02,1.45E+00,,,,,,
38.89999902,0.07904774,0.757628,3.64E+02,1.39E+00,,,,,,
38.94999902,0.07904774,0.7260704,3.64E+02,1.33E+00,,,,,,
38.99999901,0,0.6945128,0.00E+00,1.27E+00,,,,,,
39.04999901,-0.07904774,0.6628937,-3.64E+02,1.22E+00,,,,,,
39.09999901,-0.1580955,0.6313361,-7.29E+02,1.16E+00,,,,,,
39.14999901,-0.1580955,0.5997785,-7.29E+02,1.10E+00,,,,,,
39.19999901,-0.2371432,0.568221,-1.09E+03,1.04E+00,,,,,,
39.24999901,-0.3164985,0.5208539,-1.46E+03,9.55E-01,,,,,,
39.29999901,-0.3955463,0.4892963,-1.82E+03,8.97E-01,,,,,,
39.34999901,-0.3955463,0.4577387,-1.82E+03,8.39E-01,,,,,,
39.399999,-0.474594,0.4261811,-2.19E+03,7.82E-01,,,,,,
39.449999,-0.5536417,0.378814,-2.55E+03,6.95E-01,,,,,,
39.499999,-0.5536417,0.3472564,-2.55E+03,6.37E-01,,,,,,
39.549999,-0.6329971,0.3156373,-2.92E+03,5.79E-01,,,,,,
39.599999,-0.7120448,0.2683317,-3.28E+03,4.92E-01,,,,,,
39.649999,-0.7910925,0.2367126,-3.65E+03,4.34E-01,,,,,,
39.699999,-0.8704478,0.189407,-4.01E+03,3.47E-01,,,,,,
39.749999,-0.8704478,0.1577879,-4.01E+03,2.89E-01,,,,,,
39.79999899,-0.9494956,0.1104823,-4.38E+03,2.03E-01,,,,,,
39.84999899,-1.028543,0.07886319,-4.74E+03,1.45E-01,,,,,,
39.89999899,-1.107591,0.03155758,-5.10E+03,5.79E-02,,,,,,
39.94999899,-1.186946,0,-5.47E+03,0.00E+00,,,,,,
39.99999899,-1.186946,-0.04730561,-5.47E+03,-8.68E-02,,,,,,
40.04999899,-1.265994,-0.07886319,-5.83E+03,-1.45E-01,,,,,,
40.09999899,-1.345042,-0.1262303,-6.20E+03,-2.32E-01,,,,,,
40.14999899,-1.345042,-0.1577879,-6.20E+03,-2.89E-01,,,,,,
40.19999898,-1.42409,-0.205155,-6.56E+03,-3.76E-01,,,,,,
40.24999898,-1.503445,-0.2525221,-6.93E+03,-4.63E-01,,,,,,
40.29999898,-1.503445,-0.2840797,-6.93E+03,-5.21E-01,,,,,,
40.34999898,-1.582493,-0.3314469,-7.29E+03,-6.08E-01,,,,,,
40.39999898,-1.66154,-0.3630044,-7.66E+03,-6.66E-01,,,,,,
40.44999898,-1.740896,-0.4103716,-8.02E+03,-7.53E-01,,,,,,
40.49999898,-1.740896,-0.4419291,-8.02E+03,-8.11E-01,,,,,,
40.54999898,-1.898991,-0.4892963,-8.75E+03,-8.97E-01,,,,,,
40.59999897,-1.898991,-0.5208539,-8.75E+03,-9.55E-01,,,,,,
40.64999897,-1.978039,-0.568221,-9.12E+03,-1.04E+00,,,,,,
40.69999897,-2.057394,-0.5997785,-9.48E+03,-1.10E+00,,,,,,
40.74999897,-2.136442,-0.6471456,-9.85E+03,-1.19E+00,,,,,,
40.79999897,-2.21549,-0.6787032,-1.02E+04,-1.24E+00,,,,,,
40.84999897,-2.21549,-0.7260704,-1.02E+04,-1.33E+00,,,,,,
40.89999897,-2.294538,-0.757628,-1.06E+04,-1.39E+00,,,,,,
40.94999897,-2.373893,-0.8049951,-1.09E+04,-1.48E+00,,,,,,
40.99999896,-2.45294,-0.8365527,-1.13E+04,-1.53E+00,,,,,,
41.04999896,-2.531988,-0.8839197,-1.17E+04,-1.62E+00,,,,,,
41.09999896,-2.611344,-0.9154773,-1.20E+04,-1.68E+00,,,,,,
41.14999896,-2.611344,-0.947035,-1.20E+04,-1.74E+00,,,,,,
41.19999896,-2.769439,-0.9944021,-1.28E+04,-1.82E+00,,,,,,
41.24999896,-2.769439,-1.02596,-1.28E+04,-1.88E+00,,,,,,
41.29999896,-2.848487,-1.057517,-1.31E+04,-1.94E+00,,,,,,
41.34999896,-2.927842,-1.104884,-1.35E+04,-2.03E+00,,,,,,
41.39999895,-2.927842,-1.136442,-1.35E+04,-2.08E+00,,,,,,
41.44999895,-3.00689,-1.168,-1.39E+04,-2.14E+00,,,,,,
41.49999895,-3.085938,-1.199619,-1.42E+04,-2.20E+00,,,,,,
41.54999895,-3.164985,-1.231176,-1.46E+04,-2.26E+00,,,,,,
41.59999895,-3.24434,-1.262734,-1.50E+04,-2.32E+00,,,,,,
41.64999895,-3.323388,-1.294291,-1.53E+04,-2.37E+00,,,,,,
41.69999895,-3.402436,-1.325849,-1.57E+04,-2.43E+00,,,,,,
41.74999895,-3.481791,-1.357468,-1.60E+04,-2.49E+00,,,,,,
41.79999894,-3.560839,-1.389026,-1.64E+04,-2.55E+00,,,,,,
41.84999894,-3.639887,-1.420583,-1.68E+04,-2.61E+00,,,,,,
41.89999894,-3.639887,-1.436393,-1.68E+04,-2.63E+00,,,,,,
41.94999894,-3.79829,-1.46795,-1.75E+04,-2.69E+00,,,,,,
41.99999894,-3.877337,-1.483698,-1.79E+04,-2.72E+00,,,,,,
42.04999894,-3.956385,-1.499508,-1.82E+04,-2.75E+00,,,,,,
42.09999894,-4.035433,-1.515317,-1.86E+04,-2.78E+00,,,,,,
42.14999894,-4.114789,-1.531065,-1.90E+04,-2.81E+00,,,,,,
42.19999893,-4.193836,-1.546875,-1.93E+04,-2.84E+00,,,,,,
42.24999893,-4.272884,-1.546875,-1.97E+04,-2.84E+00,,,,,,
42.29999893,-4.431287,-1.562623,-2.04E+04,-2.87E+00,,,,,,
42.34999893,-4.510335,-1.562623,-2.08E+04,-2.87E+00,,,,,,
42.39999893,-4.589382,-1.578433,-2.11E+04,-2.89E+00,,,,,,
42.44999893,-4.589382,-1.578433,-2.11E+04,-2.89E+00,,,,,,
42.49999893,-4.668737,-1.594181,-2.15E+04,-2.92E+00,,,,,,
42.54999893,-4.747786,-1.594181,-2.19E+04,-2.92E+00,,,,,,
42.59999892,-4.826833,-1.594181,-2.22E+04,-2.92E+00,,,,,,
42.64999892,-4.905881,-1.60999,-2.26E+04,-2.95E+00,,,,,,
42.69999892,-4.905881,-1.60999,-2.26E+04,-2.95E+00,,,,,,
42.74999892,-4.985236,-1.60999,-2.30E+04,-2.95E+00,,,,,,
42.79999892,-4.985236,-1.60999,-2.30E+04,-2.95E+00,,,,,,
42.84999892,-5.064284,-1.60999,-2.33E+04,-2.95E+00,,,,,,
42.89999892,-5.064284,-1.6258,-2.33E+04,-2.98E+00,,,,,,
42.94999891,-5.143332,-1.6258,-2.37E+04,-2.98E+00,,,,,,
42.99999891,-5.143332,-1.6258,-2.37E+04,-2.98E+00,,,,,,
43.04999891,-5.143332,-1.6258,-2.37E+04,-2.98E+00,,,,,,
43.09999891,-5.222687,-1.6258,-2.41E+04,-2.98E+00,,,,,,
43.14999891,-5.222687,-1.6258,-2.41E+04,-2.98E+00,,,,,,
43.19999891,-5.222687,-1.6258,-2.41E+04,-2.98E+00,,,,,,
43.24999891,-5.222687,-1.6258,-2.41E+04,-2.98E+00,,,,,,
43.29999891,-5.222687,-1.6258,-2.41E+04,-2.98E+00,,,,,,
43.3499989,-5.222687,-1.6258,-2.41E+04,-2.98E+00,,,,,,
43.3999989,-5.222687,-1.6258,-2.41E+04,-2.98E+00,,,,,,
43.4499989,-5.301735,-1.6258,-2.44E+04,-2.98E+00,,,,,,
43.4999989,-5.301735,-1.6258,-2.44E+04,-2.98E+00,,,,,,
43.5499989,-5.301735,-1.6258,-2.44E+04,-2.98E+00,,,,,,
43.5999989,-5.301735,-1.6258,-2.44E+04,-2.98E+00,,,,,,
43.6499989,-5.301735,-1.6258,-2.44E+04,-2.98E+00,,,,,,
43.6999989,-5.301735,-1.6258,-2.44E+04,-2.98E+00,,,,,,
43.74999889,-5.301735,-1.6258,-2.44E+04,-2.98E+00,,,,,,
43.79999889,-5.380783,-1.641548,-2.48E+04,-3.01E+00,,,,,,
43.84999889,-5.301735,-1.641548,-2.44E+04,-3.01E+00,,,,,,
43.89999889,-5.301735,-1.641548,-2.44E+04,-3.01E+00,,,,,,
43.94999889,-5.301735,-1.641548,-2.44E+04,-3.01E+00,,,,,,
43.99999889,-5.380783,-1.641548,-2.48E+04,-3.01E+00,,,,,,
44.04999889,-5.380783,-1.641548,-2.48E+04,-3.01E+00,,,,,,
44.09999889,-5.301735,-1.6258,-2.44E+04,-2.98E+00,,,,,,
44.14999888,-5.301735,-1.641548,-2.44E+04,-3.01E+00,,,,,,
44.19999888,-5.301735,-1.6258,-2.44E+04,-2.98E+00,,,,,,
44.24999888,-5.301735,-1.641548,-2.44E+04,-3.01E+00,,,,,,
44.29999888,-5.301735,-1.6258,-2.44E+04,-2.98E+00,,,,,,
44.34999888,-5.301735,-1.6258,-2.44E+04,-2.98E+00,,,,,,
44.39999888,-5.301735,-1.6258,-2.44E+04,-2.98E+00,,,,,,
44.44999888,-5.222687,-1.6258,-2.41E+04,-2.98E+00,,,,,,
44.49999888,-5.222687,-1.6258,-2.41E+04,-2.98E+00,,,,,,
44.54999887,-5.143332,-1.6258,-2.37E+04,-2.98E+00,,,,,,
44.59999887,-5.143332,-1.6258,-2.37E+04,-2.98E+00,,,,,,
44.64999887,-5.143332,-1.6258,-2.37E+04,-2.98E+00,,,,,,
44.69999887,-5.064284,-1.6258,-2.33E+04,-2.98E+00,,,,,,
44.74999887,-4.985236,-1.6258,-2.30E+04,-2.98E+00,,,,,,
44.79999887,-4.985236,-1.60999,-2.30E+04,-2.95E+00,,,,,,
44.84999887,-4.905881,-1.60999,-2.26E+04,-2.95E+00,,,,,,
44.89999887,-4.905881,-1.60999,-2.26E+04,-2.95E+00,,,,,,
44.94999886,-4.826833,-1.60999,-2.22E+04,-2.95E+00,,,,,,
44.99999886,-4.747786,-1.60999,-2.19E+04,-2.95E+00,,,,,,
45.04999886,-4.747786,-1.594181,-2.19E+04,-2.92E+00,,,,,,
45.09999886,-4.668737,-1.594181,-2.15E+04,-2.92E+00,,,,,,
45.14999886,-4.589382,-1.594181,-2.11E+04,-2.92E+00,,,,,,
45.19999886,-4.589382,-1.594181,-2.11E+04,-2.92E+00,,,,,,
45.24999886,-4.510335,-1.578433,-2.08E+04,-2.89E+00,,,,,,
45.29999886,-4.431287,-1.578433,-2.04E+04,-2.89E+00,,,,,,
45.34999885,-4.352239,-1.578433,-2.01E+04,-2.89E+00,,,,,,
45.39999885,-4.272884,-1.578433,-1.97E+04,-2.89E+00,,,,,,
45.44999885,-4.272884,-1.578433,-1.97E+04,-2.89E+00,,,,,,
45.49999885,-4.193836,-1.562623,-1.93E+04,-2.87E+00,,,,,,
45.54999885,-4.114789,-1.562623,-1.90E+04,-2.87E+00,,,,,,
45.59999885,-4.114789,-1.562623,-1.90E+04,-2.87E+00,,,,,,
45.64999885,-4.035433,-1.562623,-1.86E+04,-2.87E+00,,,,,,
45.69999885,-4.035433,-1.546875,-1.86E+04,-2.84E+00,,,,,,
45.74999884,-3.956385,-1.546875,-1.82E+04,-2.84E+00,,,,,,
45.79999884,-3.877337,-1.546875,-1.79E+04,-2.84E+00,,,,,,
45.84999884,-3.79829,-1.546875,-1.75E+04,-2.84E+00,,,,,,
45.89999884,-3.79829,-1.531065,-1.75E+04,-2.81E+00,,,,,,
45.94999884,-3.718935,-1.531065,-1.71E+04,-2.81E+00,,,,,,
45.99999884,-3.639887,-1.531065,-1.68E+04,-2.81E+00,,,,,,
46.04999884,-3.639887,-1.531065,-1.68E+04,-2.81E+00,,,,,,
46.09999884,-3.560839,-1.531065,-1.64E+04,-2.81E+00,,,,,,
46.14999883,-3.481791,-1.515317,-1.60E+04,-2.78E+00,,,,,,
46.19999883,-3.402436,-1.515317,-1.57E+04,-2.78E+00,,,,,,
46.24999883,-3.402436,-1.515317,-1.57E+04,-2.78E+00,,,,,,
46.29999883,-3.323388,-1.499508,-1.53E+04,-2.75E+00,,,,,,
46.34999883,-3.24434,-1.499508,-1.50E+04,-2.75E+00,,,,,,
46.39999883,-3.164985,-1.499508,-1.46E+04,-2.75E+00,,,,,,
46.44999883,-3.164985,-1.499508,-1.46E+04,-2.75E+00,,,,,,
46.49999883,-3.085938,-1.483698,-1.42E+04,-2.72E+00,,,,,,
46.54999882,-3.00689,-1.483698,-1.39E+04,-2.72E+00,,,,,,
46.59999882,-2.927842,-1.483698,-1.35E+04,-2.72E+00,,,,,,
46.64999882,-2.848487,-1.46795,-1.31E+04,-2.69E+00,,,,,,
46.69999882,-2.848487,-1.46795,-1.31E+04,-2.69E+00,,,,,,
46.74999882,-2.769439,-1.46795,-1.28E+04,-2.69E+00,,,,,,
46.79999882,-2.690391,-1.452141,-1.24E+04,-2.66E+00,,,,,,
46.84999882,-2.611344,-1.452141,-1.20E+04,-2.66E+00,,,,,,
46.89999882,-2.611344,-1.436393,-1.20E+04,-2.63E+00,,,,,,
46.94999881,-2.531988,-1.436393,-1.17E+04,-2.63E+00,,,,,,
46.99999881,-2.45294,-1.436393,-1.13E+04,-2.63E+00,,,,,,
47.04999881,-2.373893,-1.420583,-1.09E+04,-2.61E+00,,,,,,
47.09999881,-2.294538,-1.420583,-1.06E+04,-2.61E+00,,,,,,
47.14999881,-2.21549,-1.420583,-1.02E+04,-2.61E+00,,,,,,
47.19999881,-2.21549,-1.404774,-1.02E+04,-2.58E+00,,,,,,
47.24999881,-2.136442,-1.404774,-9.85E+03,-2.58E+00,,,,,,
47.29999881,-1.978039,-1.389026,-9.12E+03,-2.55E+00,,,,,,
47.3499988,-1.978039,-1.389026,-9.12E+03,-2.55E+00,,,,,,
47.3999988,-1.898991,-1.373216,-8.75E+03,-2.52E+00,,,,,,
47.4499988,-1.819943,-1.373216,-8.39E+03,-2.52E+00,,,,,,
47.4999988,-1.66154,-1.357468,-7.66E+03,-2.49E+00,,,,,,
47.5499988,-1.66154,-1.341659,-7.66E+03,-2.46E+00,,,,,,
47.5999988,-1.503445,-1.341659,-6.93E+03,-2.46E+00,,,,,,
47.6499988,-1.42409,-1.325849,-6.56E+03,-2.43E+00,,,,,,
47.69999879,-1.345042,-1.310101,-6.20E+03,-2.40E+00,,,,,,
47.74999879,-1.265994,-1.294291,-5.83E+03,-2.37E+00,,,,,,
47.79999879,-1.186946,-1.294291,-5.47E+03,-2.37E+00,,,,,,
47.84999879,-1.107591,-1.278543,-5.10E+03,-2.34E+00,,,,,,
47.89999879,-1.028543,-1.262734,-4.74E+03,-2.32E+00,,,,,,
47.94999879,-0.9494956,-1.246924,-4.38E+03,-2.29E+00,,,,,,
47.99999879,-0.8704478,-1.231176,-4.01E+03,-2.26E+00,,,,,,
48.04999879,-0.7910925,-1.215367,-3.65E+03,-2.23E+00,,,,,,
48.09999878,-0.7120448,-1.183809,-3.28E+03,-2.17E+00,,,,,,
48.14999878,-0.7120448,-1.168,-3.28E+03,-2.14E+00,,,,,,
48.19999878,-0.6329971,-1.152251,-2.92E+03,-2.11E+00,,,,,,
48.24999878,-0.5536417,-1.120694,-2.55E+03,-2.06E+00,,,,,,
48.29999878,-0.5536417,-1.104884,-2.55E+03,-2.03E+00,,,,,,
48.34999878,-0.474594,-1.089075,-2.19E+03,-2.00E+00,,,,,,
48.39999878,-0.474594,-1.057517,-2.19E+03,-1.94E+00,,,,,,
48.44999878,-0.474594,-1.02596,-2.19E+03,-1.88E+00,,,,,,
48.49999877,-0.3955463,-1.010212,-1.82E+03,-1.85E+00,,,,,,
48.54999877,-0.3164985,-0.9785925,-1.46E+03,-1.79E+00,,,,,,
48.59999877,-0.3164985,-0.947035,-1.46E+03,-1.74E+00,,,,,,
48.64999877,-0.2371432,-0.9154773,-1.09E+03,-1.68E+00,,,,,,
48.69999877,-0.2371432,-0.8839197,-1.09E+03,-1.62E+00,,,,,,
48.74999877,-0.1580955,-0.8681102,-7.29E+02,-1.59E+00,,,,,,
48.79999877,-0.07904774,-0.8365527,-3.64E+02,-1.53E+00,,,,,,
48.84999877,-0.07904774,-0.8049951,-3.64E+02,-1.48E+00,,,,,,
48.89999876,0,-0.7734375,0.00E+00,-1.42E+00,,,,,,
48.94999876,0.07904774,-0.7418184,3.64E+02,-1.36E+00,,,,,,
48.99999876,0.07904774,-0.7102608,3.64E+02,-1.30E+00,,,,,,
49.04999876,0.1580955,-0.6787032,7.29E+02,-1.24E+00,,,,,,
49.09999876,0.2371432,-0.6471456,1.09E+03,-1.19E+00,,,,,,
49.14999876,0.2371432,-0.6155881,1.09E+03,-1.13E+00,,,,,,
49.19999876,0.3164985,-0.568221,1.46E+03,-1.04E+00,,,,,,
49.24999876,0.3955463,-0.5366634,1.82E+03,-9.84E-01,,,,,,
49.29999875,0.3955463,-0.5051058,1.82E+03,-9.26E-01,,,,,,
49.34999875,0.474594,-0.4734867,2.19E+03,-8.68E-01,,,,,,
49.39999875,0.5536417,-0.4261811,2.55E+03,-7.82E-01,,,,,,
49.44999875,0.6329971,-0.394562,2.92E+03,-7.24E-01,,,,,,
49.49999875,0.7120448,-0.3630044,3.28E+03,-6.66E-01,,,,,,
49.54999875,0.7120448,-0.3314469,3.28E+03,-6.08E-01,,,,,,
49.59999875,0.7910925,-0.2840797,3.65E+03,-5.21E-01,,,,,,
49.64999875,0.8704478,-0.2367126,4.01E+03,-4.34E-01,,,,,,
49.69999874,0.8704478,-0.205155,4.01E+03,-3.76E-01,,,,,,
49.74999874,0.9494956,-0.1735975,4.38E+03,-3.18E-01,,,,,,
49.79999874,1.028543,-0.1262303,4.74E+03,-2.32E-01,,,,,,
49.84999874,1.107591,-0.09467274,5.10E+03,-1.74E-01,,,,,,
49.89999874,1.186946,-0.04730561,5.47E+03,-8.68E-02,,,,,,
49.94999874,1.265994,-0.01574803,5.83E+03,-2.89E-02,,,,,,
49.99999874,1.265994,0.03155758,5.83E+03,5.79E-02,,,,,,
50.04999874,1.345042,0.06311516,6.20E+03,1.16E-01,,,,,,
50.09999873,1.42409,0.1104823,6.56E+03,2.03E-01,,,,,,
50.14999873,1.503445,0.1420399,6.93E+03,2.61E-01,,,,,,
